left_elbow_angle,right_elbow_angle,left_shoulder_angle,right_shoulder_angle,left_knee_angle,right_knee_angle,left_hip_angle,right_hip_angle,left_ankle_angle,right_ankle_angle,palm_distance,ankle_distance,hip_head_vector,label
167.00261386084225,172.26021315170883,174.10047582854511,169.5776472240079,176.46603363781216,174.6616809730779,73.89727961056131,74.42497800574408,146.1105056457904,148.7854685547957,29.07625750109221,14.773657851960815,[-4.74701990e-01  8.80146546e-01 -2.79215502e-04],downdog
169.5066559821851,172.53175513254754,177.24192640871254,173.92202990555774,177.51980196426297,179.33887035332714,72.73088921819011,75.73050955185461,157.22043523039142,163.38034962039637,46.4950603805968,14.221639118203829,[-6.14693485e-01  7.88765976e-01 -3.92101293e-04],downdog
170.76733271475098,170.18597114179863,171.3903940202847,172.68018107045097,131.86194770863065,134.71359464554905,60.01887870486657,61.656211288130294,174.09037782017919,175.74715457591606,62.24370040494832,30.416636419245357,[-5.98730411e-01  8.00950616e-01 -7.03248397e-05],downdog
176.08505659599126,178.85043704159125,176.79254829805262,165.24372695291558,158.92827474851256,168.99163572340063,58.813144929264965,17.15540184160883,91.54815698071579,151.55557191837062,44.41894464587905,111.12644387527126,[-4.22710020e-01  9.06264664e-01 -7.73864083e-04],downdog
165.67168025158006,166.03978622277995,166.67383695146006,166.77022285347306,176.80500309851584,173.72144489741098,71.67064797715992,68.40491298173171,175.3401336128831,167.60478080605694,42.4872835667121,43.864608993200825,[ 5.67732949e-01  8.23212776e-01 -1.54226506e-04],downdog
172.17143512677987,169.49066018898796,174.91840500916751,175.59460618120912,178.95655602976726,179.5048677662328,70.57238818891572,70.77195301975173,159.30013099073997,165.24392536072162,25.614949273208214,16.972284289719305,[-4.32961797e-01  9.01412266e-01 -9.70545408e-05],downdog
164.4118154717937,164.71149328388262,176.70623276697768,178.5881409784639,174.82638859503658,174.67899811542583,88.32639783866787,88.6994587766509,148.6282309467418,154.08278396026958,108.07507168176664,43.83042752695253,[-5.98741758e-01  8.00942137e-01 -3.60771774e-05],downdog
170.7440431546731,177.1994777867681,25.34077909888285,1.3438975816372245,178.53255991490502,175.14235052144184,175.22003800011902,168.03894326115804,175.7316579028833,159.59572879547468,85.51042212076469,10.81666998426941,[ 0.69547024 -0.71854271 -0.00418534],downdog
170.4308243589724,159.6139250999891,173.70188939028856,167.23965590916734,178.08759913164647,171.625581436121,80.09756315220409,77.31011880486945,167.86523679884831,172.29227616182774,57.87187291997548,23.432732040395646,[-5.31154881e-01  8.47274740e-01 -8.28902316e-05],downdog
171.0887351905176,172.974197216887,174.50012899081742,174.58684217671436,174.07579173887908,171.8745952605579,82.95844612596855,84.82282826781727,161.21749028439405,167.97470851751214,48.82844774857289,28.321415640625965,[-4.41099914e-01  8.97458002e-01  1.98385423e-06],downdog
173.21462269096298,179.58731700363208,153.11592502271037,147.99346268175572,177.29516738868716,171.83314709460151,70.80834880755151,67.18418485063275,161.16213058599982,166.6200320535078,50.478517785359294,51.663259518264894,[-2.69857408e-01  9.62900296e-01  4.13184453e-06],downdog
165.4749781158033,165.37454038175775,178.06633997287963,177.6976344531009,179.9560140888886,179.00587542277398,73.98195743036588,73.73151347626262,162.95439247126757,166.9069761220197,41.04122704994498,15.627515894881684,[-4.89668049e-01  8.71908925e-01 -1.68958656e-04],downdog
118.37998902551195,137.13430789704734,157.6895529475913,161.79419596303038,170.507458640755,170.91444846210254,75.79589237435188,77.41858536788118,168.90566489822046,169.0573340837823,13.896294804801078,9.436924478053985,[-5.47810743e-01  8.36602277e-01  1.41561308e-04],downdog
165.0723177323156,173.22116849988308,146.93093520055672,150.48924024715362,165.29007931080397,157.66868237244674,88.95921499912576,88.28291269203498,164.0863236125187,169.01421317302112,19.108555024453075,36.4017174245577,[-7.73640001e-01  6.33625400e-01 -4.32882550e-05],downdog
179.4885770193716,176.69786309328018,175.23957131179833,171.20682796957894,174.40458599339948,175.6436353873151,78.23606898702121,78.13063961238093,172.25585588240918,169.78238721718827,35.385330260152,17.693728167613386,[ 5.31358042e-01  8.47147341e-01 -1.21768207e-04],downdog
164.29084656939162,172.6149392559391,161.99068618613512,168.7843848135549,171.63749845040252,172.81029366889817,88.96811978909562,85.41920742113443,155.32956704695772,167.9095389781063,81.93968977352235,35.35655038139529,[-5.28842540e-01  8.48719943e-01 -1.59201385e-04],downdog
156.50611228139468,164.7901703734847,169.4519629255598,164.3564976374797,176.90587268646104,175.139236298732,82.917517350075,79.68458610219871,163.42557434058918,169.07428978945762,37.12668634423018,16.28517746361707,[-4.74977849e-01  8.79997720e-01 -2.35745762e-04],downdog
178.7808071916986,176.48948533084632,178.80127108443662,179.5412516656874,178.93794306303238,177.54573092555432,63.843262449938486,62.92903303456532,152.99157213460518,164.26979728367112,67.97927618655551,44.554727577934464,[-4.86485672e-01  8.73688554e-01 -2.05605722e-05],downdog
175.3560087883835,164.70447350778971,170.35276308637145,177.90719669324812,179.94924489710056,179.57518232354545,87.55251171682742,86.74139493451246,169.4909897047201,172.53461544239718,30.08460645992055,23.324722529554066,[5.24888703e-01 8.51170870e-01 4.80513355e-06],downdog
171.0603337931514,176.83298274275108,146.02944029177462,154.91047483176828,174.1644317445978,177.93330361637825,104.00584940662505,102.04721263222878,168.91406947693838,173.02119244870983,40.61076200032459,23.347664753530218,[-7.14321586e-01  6.99817594e-01  8.35249193e-05],downdog
163.93515814891097,170.33640177546297,165.2710636355692,165.78668211356933,173.26561413428794,175.00916496794392,74.80474895775748,75.29798045138696,168.29938322326385,165.85112980982055,52.49919248220685,35.00128338079061,[5.53677603e-01 8.32731115e-01 3.04279086e-05],downdog
164.76605645545672,167.56886056472692,157.41831488420308,166.41226774661683,170.19874814822677,171.59331536015958,85.66362142030242,80.47580591150252,152.6119931736679,151.25864542353506,26.40639798305049,12.089209881421613,[-5.30811993e-01  8.47489602e-01 -5.61706000e-05],downdog
178.20847312101952,155.19723400471318,177.78465856119942,171.62274514209656,178.45874208048005,173.5732049395609,80.88103229742192,70.79579534992124,169.19352644563475,163.96279391002554,78.31433293847853,44.20444844814928,[ 5.67087099e-01  8.23657829e-01 -5.15075127e-05],downdog
160.59178303911492,168.3609770733259,179.83502245468307,175.63656171345212,142.8203270429796,149.44585797690934,57.22710844076351,61.69233111366875,153.48697069953332,156.93845195629024,34.65775921789119,17.69460058211269,[-5.22986338e-01  8.52341055e-01 -1.26973336e-04],downdog
164.29084656939162,172.6149392559391,161.99068618613512,168.7843848135549,171.63749845040252,172.81029366889817,88.96811978909562,85.41920742113443,155.32956704695772,167.9095389781063,81.93968977352235,35.35655038139529,[-5.28842540e-01  8.48719943e-01 -1.59201385e-04],downdog
171.0603337931514,176.83298274275108,146.02944029177462,154.91047483176828,174.1644317445978,177.93330361637825,104.00584940662505,102.04721263222878,168.91406947693838,173.02119244870983,40.61076200032459,23.347664753530218,[-7.14321586e-01  6.99817594e-01  8.35249193e-05],downdog
164.76605645545672,167.56886056472692,157.41831488420308,166.41226774661683,170.19874814822677,171.59331536015958,85.66362142030242,80.47580591150252,152.6119931736679,151.25864542353506,26.40639798305049,12.089209881421613,[-5.30811993e-01  8.47489602e-01 -5.61706000e-05],downdog
156.50611228139468,164.7901703734847,169.4519629255598,164.3564976374797,176.90587268646104,175.139236298732,82.917517350075,79.68458610219871,163.42557434058918,169.07428978945762,37.12668634423018,16.28517746361707,[-4.74977849e-01  8.79997720e-01 -2.35745762e-04],downdog
175.3560087883835,164.70447350778971,170.35276308637145,177.90719669324812,179.94924489710056,179.57518232354545,87.55251171682742,86.74139493451246,169.4909897047201,172.53461544239718,30.08460645992055,23.324722529554066,[5.24888703e-01 8.51170870e-01 4.80513355e-06],downdog
163.93515814891097,170.33640177546297,165.2710636355692,165.78668211356933,173.26561413428794,175.00916496794392,74.80474895775748,75.29798045138696,168.29938322326385,165.85112980982055,52.49919248220685,35.00128338079061,[5.53677603e-01 8.32731115e-01 3.04279086e-05],downdog
178.20847312101952,155.19723400471318,177.78465856119942,171.62274514209656,178.45874208048005,173.5732049395609,80.88103229742192,70.79579534992124,169.19352644563475,163.96279391002554,78.31433293847853,44.20444844814928,[ 5.67087099e-01  8.23657829e-01 -5.15075127e-05],downdog
160.59178303911492,168.3609770733259,179.83502245468307,175.63656171345212,142.8203270429796,149.44585797690934,57.22710844076351,61.69233111366875,153.48697069953332,156.93845195629024,34.65775921789119,17.69460058211269,[-5.22986338e-01  8.52341055e-01 -1.26973336e-04],downdog
178.7808071916986,176.48948533084632,178.80127108443662,179.5412516656874,178.93794306303238,177.54573092555432,63.843262449938486,62.92903303456532,152.99157213460518,164.26979728367112,67.97927618655551,44.554727577934464,[-4.86485672e-01  8.73688554e-01 -2.05605722e-05],downdog
163.47635344372102,165.9142947771781,178.66063967762173,175.6697089888044,176.36621730437264,179.44957488692765,71.30435779602296,68.70027582434652,155.15674902206038,167.17567423611325,33.544513254159824,15.81434752400706,[-3.64574454e-01  9.31174241e-01 -6.29153361e-06],downdog
165.48621398526868,164.6153626588055,161.04602541111367,160.6708736144291,179.5118878821615,178.71981776261453,74.63214656672075,72.36183087736893,165.38306242242575,163.30797354697629,82.86212301870457,56.939658561281966,[ 4.01861656e-01  9.15700388e-01 -8.99888002e-05],downdog
163.92753515341616,164.56108344577308,158.63223462773044,163.7316939508137,87.38250969141424,93.16893148659314,57.86918759177993,60.93656321344375,144.05224469958176,138.5086766132519,40.05124250158017,54.121084872584134,[ 8.15312588e-01  5.79020950e-01 -3.49984450e-04],downdog
172.0050007580046,170.04673972104644,173.25573660587722,178.21685703974862,165.4942639762891,164.91585881437402,66.89477105305353,69.65546549947027,159.06139710074672,162.112652787432,42.1920268497398,19.211624076472603,[-5.27450976e-01  8.49585465e-01  6.95341183e-05],downdog
154.45493821801927,155.2310875531332,175.02296535660236,177.7864879394864,179.75979157753338,177.50759987831134,79.94081674299944,79.52381288409912,167.99377023375862,172.77010462066727,49.04262272333525,27.205050118672037,[-5.16281078e-01  8.56419200e-01 -4.77200533e-05],downdog
122.70390895761324,130.09288479208652,106.01113196736273,127.12199455350523,147.9075597821199,150.76954950607924,52.827346956541604,58.003253160915385,143.8938910310532,157.8671742309172,100.62455161255433,49.061042247698715,[ 5.94433354e-01  8.04144614e-01 -6.53331002e-04],downdog
164.49760384769115,171.69826880410577,170.20665108001012,165.32488527401284,171.79196635569127,175.3745104584148,65.44478496928643,65.60252176907457,169.29529364584857,175.64010831702973,36.36087590693995,21.09608024471298,[-3.26965656e-01  9.45036218e-01 -8.49587349e-05],downdog
161.3406003638855,158.87650440877874,177.0558263300011,173.12532147079753,174.14979589341,172.87491455417296,74.17814479529336,71.3784854337568,160.3240092060231,156.61447610008506,9.437266606332088,13.418686365418262,[ 5.13691876e-01  8.57974730e-01 -1.38254328e-04],downdog
167.59634845326724,159.96815744434187,167.9025045036485,176.6025694954811,178.72258414449908,176.73431603250356,79.3816743805151,77.4711933123228,153.12268430846925,161.09917551764102,4.480026787528847,4.006236382363647,[ 3.96250845e-01  9.18142201e-01 -4.07892454e-04],downdog
173.49423127577785,170.64612822298224,74.68614601096753,70.18171162791693,71.10430257041659,78.1315233007566,105.34368668293621,109.59549083170576,166.54250330228462,161.90482498481794,20.030072492456586,20.227217997104702,[-9.99468744e-01 -3.25913721e-02 -1.78154258e-04],downdog
154.8783438055392,159.06640892288712,179.88096640406476,174.80390177886554,172.7844200243087,175.0789153753297,81.17375505153008,79.64650890597495,157.40267931239006,165.76801174982168,24.709615332858558,21.96177124456345,[-4.36045811e-01  8.99924333e-01 -4.96254957e-04],downdog
173.3136491691575,173.60090875750873,170.4205254051715,172.35775383648976,169.58057722851822,171.5219550082311,67.22235292684623,67.33679791431138,169.08583605290875,160.49329698494597,41.23306318105422,25.55537563014355,[ 4.75616836e-01  8.79652544e-01 -1.65139165e-04],downdog
164.56794001684304,168.19970548588006,170.44813547189085,172.75858643951665,172.54371816544273,173.44345985901538,66.52525393886226,66.64013293938622,168.12613699455827,173.28032107824654,38.01467270908294,16.403227734779332,[-4.97277933e-01  8.67591287e-01  1.29777884e-04],downdog
168.481619973761,173.70843011224622,165.75670044671745,168.1257403011174,179.84821964532205,177.70040393067677,85.46965820444946,84.51994604063904,169.18477443596908,176.1812846333076,29.733941359550204,28.601674603517647,[-6.10623027e-01  7.91921410e-01  2.58777418e-06],downdog
156.99713550842606,158.91269041021454,142.558399737166,149.22589902771162,168.40098167132268,175.4167625351225,101.96854099268108,99.96380251100963,147.76417954303741,136.8226789679667,1.4260687549697109,10.631804114630546,[8.35705375e-01 5.49177818e-01 5.00141584e-04],downdog
169.21726790922781,170.189286103885,164.36652800677334,165.05485539437456,178.323719198509,179.4570378012605,89.88947308171824,90.42599952516771,166.23660018045192,177.60580174796036,17.207860644725315,15.558089415871642,[-7.07106779e-01  7.07106779e-01 -7.53590661e-05],downdog
168.44096565176116,165.50940383956518,159.18919530193068,155.20742916097646,174.4504210026197,174.43365633760845,88.6617956358028,87.6303191918194,176.4363488353442,171.41152568479652,83.86958924818582,34.88635202930103,[ 6.21081638e-01  7.83745876e-01 -3.66728409e-05],downdog
161.3406003638855,158.87650440877874,177.0558263300011,173.12532147079753,174.14979589341,172.87491455417296,74.17814479529336,71.3784854337568,160.3240092060231,156.61447610008506,9.437266606332088,13.418686365418262,[ 5.13691876e-01  8.57974730e-01 -1.38254328e-04],downdog
165.6287551599793,171.61654418878962,178.42332775036854,172.91747628678283,178.20797201170566,179.864646388003,70.9074007381017,72.72104382963451,161.93345612889775,165.9636283846096,22.56430436638609,12.808983277627098,[-4.45714766e-01  8.95175035e-01  6.30558734e-05],downdog
164.49760384769115,171.69826880410577,170.20665108001012,165.32488527401284,171.79196635569127,175.3745104584148,65.44478496928643,65.60252176907457,169.29529364584857,175.64010831702973,36.36087590693995,21.09608024471298,[-3.26965656e-01  9.45036218e-01 -8.49587349e-05],downdog
173.3136491691575,173.60090875750873,170.4205254051715,172.35775383648976,169.58057722851822,171.5219550082311,67.22235292684623,67.33679791431138,169.08583605290875,160.49329698494597,41.23306318105422,25.55537563014355,[ 4.75616836e-01  8.79652544e-01 -1.65139165e-04],downdog
165.95727196881137,164.1652094809424,136.89797599122292,136.19973368830387,179.4707977893433,179.05110284826068,86.03382332079201,84.57642970748019,162.58473321433186,167.86741471936622,15.254182427938185,9.238160971741232,[-6.94292164e-01  7.19693097e-01 -4.86997229e-04],downdog
160.7513900585603,156.54533293402054,166.8241405762617,164.24811149288945,178.6028133080347,179.37526418961434,79.50856338762549,78.69006636084613,164.29715005939337,171.43681286584314,16.286190140988047,5.012391379999801,[-5.46788876e-01  8.37270466e-01 -3.01670961e-04],downdog
172.5679983908695,171.6879266986079,67.31347576606818,66.30390003632517,177.0276052928125,178.9444543053399,172.5685150210627,174.26900946693095,155.71176579817032,154.16322054014947,22.208286799343124,13.043463461036351,[ 9.80741836e-01 -1.95308331e-01 -3.27470719e-04],downdog
168.8184683774342,165.97447472541478,171.90949777924354,172.64012780769409,175.94326146169774,177.13720881612798,66.87589500469228,68.08030499104377,158.21234632729053,169.91424521615988,43.60208429877757,22.474215807530584,[-3.48663193e-01  9.37248088e-01  1.70772842e-05],downdog
179.78507312187318,169.27842869992426,162.0393790925091,153.04468338942317,173.3664053254,175.6161128183009,88.3260103780859,82.35843167816975,176.62527785033504,161.19349932486156,91.21465121305565,44.777933425691224,[ 6.89694215e-01  7.24100729e-01 -1.53498025e-04],downdog
174.08741377859764,177.110223741584,178.06509200474773,175.95652160383858,170.82984967622153,172.69040590669238,71.48332706650498,72.6614867111263,168.17471580398131,173.01914320377136,45.34459438203106,29.20734621082633,[-6.21736492e-01  7.83226490e-01 -2.89923164e-05],downdog
159.42401716999757,157.4304287381939,175.45608450207808,176.0822031669363,179.91072762336162,177.19855632878915,70.76172967593455,67.57116541266561,154.08436416689432,155.91525736846953,26.926857399233786,13.603313071571193,[ 3.39422624e-01  9.40633975e-01 -8.44130225e-05],downdog
175.89653184481773,165.71617974001106,149.82534699302337,23.952033390251106,174.15969367045722,175.97400043091702,109.3844687578485,106.8986277298062,156.2269730745007,169.2782889230101,282.85795765218086,69.01509800757549,[ 0.80456866  0.59384829 -0.00367148],downdog
177.33550816844277,173.55284250699356,166.38781637420232,160.32590221563808,159.97110994379966,156.94417257013606,91.55670336975392,87.75484908354746,167.1531271555398,172.75514415415842,65.76580433142783,9.222310525124943,[ 6.61962316e-01  7.49537097e-01 -1.80168029e-04],downdog
169.6923931986174,167.50153836188454,174.1253283799456,175.82937653553387,178.8486840820573,179.10103269957023,71.48570876993287,75.59331637775222,172.01780475620322,178.9702933549044,20.617666210551427,15.622370604867216,[-3.86975468e-01  9.22089982e-01 -2.27923123e-04],downdog
179.91436545267865,168.29866455714296,172.27923303946991,153.9814761693437,167.21624804440702,178.22143065859657,77.5896876374439,153.8122771185596,155.91956424836133,145.01631238253003,53.01284049599272,604.2582867848625,[-0.3704274   0.92886067 -0.0011819 ],downdog
140.58868730054152,143.23894740494904,49.57393476253457,51.660912053087024,80.28995156082088,87.89529889186106,116.90950773647907,115.4205230791225,165.97130814043913,156.80140034063905,25.002318994946126,13.89558159811322,[-9.98726169e-01  5.04582907e-02  3.40961203e-05],downdog
166.88414706335044,153.48180688967267,171.25119308421333,166.92036593515854,173.8493036374304,175.56036081676555,68.84502646414452,72.5419868159294,166.4520355057021,179.48517056441085,31.14861271303445,26.252371399804396,[-4.79462795e-01  8.77562206e-01  4.80667569e-05],downdog
158.89472142933968,159.943939770587,177.10392468271363,179.54190335479996,163.62439195881055,119.03735101850279,67.66367318415551,49.957075910749,19.11016475792574,149.78126307891347,131.03258913828378,179.24732468329762,[-4.98389797e-01  8.66953019e-01 -2.69356195e-04],downdog
130.06405347220823,147.1086010562664,143.48762829943763,145.15242870542812,179.47026724190758,177.86127156755612,71.42858291341709,83.65971707611436,154.71721624265078,161.356867705271,30.25193913624475,8.0765272863415,[0.53818817 0.84282299 0.00170423],downdog
164.03539474247657,163.6588155175015,173.5541826579531,166.82828198916127,158.2109450491819,175.32297219148916,4.057800887618974,69.9836062627424,101.29845144442062,151.06634065831585,621.4990306307798,1250.4368043033694,[ 3.14617328e-01  9.49218591e-01 -6.28880500e-05],downdog
162.7221373697204,166.68255070644258,152.1832508745914,152.82260434478036,172.95332364171205,175.88040689687267,83.15121071340259,82.04364117752279,161.60407872910815,170.24281639047578,314.60645971789717,175.9320830161459,[-6.57615235e-01  7.53353969e-01  1.45679274e-05],downdog
156.9290671895256,160.95491239649925,168.1465620530924,163.86396594300845,159.74336754755433,171.82959101789487,25.863181287740694,77.37880775012343,172.84082117505142,156.10007933959758,22.67332706050809,340.2426059956638,[ 0.40715901  0.91335669 -0.00104469],downdog
164.94906175016217,159.84098118379092,173.04266791179637,169.9814715699572,169.28408314658608,169.91347259461213,76.9512839082515,74.25344933821262,167.75016621750245,157.1275338204374,36.67684760765429,21.95709923928625,[ 5.41245985e-01  8.40864298e-01 -1.24514694e-04],downdog
165.43748895311697,166.440850636263,164.2547003101418,162.783496250559,179.19483279167653,179.36254554873122,91.65218445154112,91.47055301246029,169.65386111207332,165.07876450257308,36.2511671379912,20.00313543520746,[ 5.34333653e-01  8.45273576e-01 -3.60000250e-04],downdog
130.06405347220823,147.1086010562664,143.48762829943763,145.15242870542812,179.47026724190758,177.86127156755612,71.42858291341709,83.65971707611436,154.71721624265078,161.356867705271,30.25193913624475,8.0765272863415,[0.53818817 0.84282299 0.00170423],downdog
158.89472142933968,159.943939770587,177.10392468271363,179.54190335479996,163.62439195881055,119.03735101850279,67.66367318415551,49.957075910749,19.11016475792574,149.78126307891347,131.03258913828378,179.24732468329762,[-4.98389797e-01  8.66953019e-01 -2.69356195e-04],downdog
164.03539474247657,163.6588155175015,173.5541826579531,166.82828198916127,158.2109450491819,175.32297219148916,4.057800887618974,69.9836062627424,101.29845144442062,151.06634065831585,621.4990306307798,1250.4368043033694,[ 3.14617328e-01  9.49218591e-01 -6.28880500e-05],downdog
166.88414706335044,153.48180688967267,171.25119308421333,166.92036593515854,173.8493036374304,175.56036081676555,68.84502646414452,72.5419868159294,166.4520355057021,179.48517056441085,31.14861271303445,26.252371399804396,[-4.79462795e-01  8.77562206e-01  4.80667569e-05],downdog
162.7221373697204,166.68255070644258,152.1832508745914,152.82260434478036,172.95332364171205,175.88040689687267,83.15121071340259,82.04364117752279,161.60407872910815,170.24281639047578,314.60645971789717,175.9320830161459,[-6.57615235e-01  7.53353969e-01  1.45679274e-05],downdog
164.94906175016217,159.84098118379092,173.04266791179637,169.9814715699572,169.28408314658608,169.91347259461213,76.9512839082515,74.25344933821262,167.75016621750245,157.1275338204374,36.67684760765429,21.95709923928625,[ 5.41245985e-01  8.40864298e-01 -1.24514694e-04],downdog
165.3010425324206,170.03509933253278,162.92223184464467,169.13832398351133,173.6763969774479,172.43451248919123,74.12461541406068,73.90373566442233,161.05719201571162,166.99825483994238,33.29411535872386,21.407329094195862,[-5.93333941e-01  8.04956380e-01 -2.44813145e-04],downdog
156.9290671895256,160.95491239649925,168.1465620530924,163.86396594300845,159.74336754755433,171.82959101789487,25.863181287740694,77.37880775012343,172.84082117505142,156.10007933959758,22.67332706050809,340.2426059956638,[ 0.40715901  0.91335669 -0.00104469],downdog
175.08752168603317,155.0215257532449,126.90649892869696,130.01572476678822,163.74069129881727,164.79087564829013,100.81950862272976,106.19544172455237,147.31943802273466,142.22899841956414,120.61612775962057,36.05620329299611,[-8.83572893e-01  4.68293633e-01 -1.25050511e-04],downdog
177.3764296698994,173.3370191770087,156.09726692927313,156.1810101845588,179.07173669126647,176.8909920589817,97.66047537286332,95.84014411028058,166.67605486318809,161.785677974076,21.192229705267355,17.206702006915947,[ 9.33674843e-01  3.58121857e-01 -1.53863958e-04],downdog
179.0791963982122,176.49033950908557,164.7885913115679,165.59918560262346,126.69856914274408,125.62070764595038,56.106690787073575,54.00289042440386,161.9089510326551,172.83092441819244,71.56956980679291,50.210734755018215,[7.29788825e-01 6.83672628e-01 9.05678250e-05],downdog
137.81072815026738,119.95288798066038,153.553971043092,160.94528076617402,174.23274693411662,175.76247059866162,78.53663803421337,80.95139427604279,163.48165225632016,160.29129366942502,53.00153482526226,32.20404983034207,[4.63639895e-01 8.86023697e-01 2.37124320e-04],downdog
171.806745371041,177.77576864870395,175.8891519113046,179.7528768425452,175.98401466932842,171.5069641681876,82.76018316049817,81.7220955756511,169.84882784772998,177.22974755414856,27.809719512652894,21.93665832254312,[-6.66356296e-01  7.45633411e-01 -3.21797257e-04],downdog
161.6253602824514,157.40226788085545,166.75219060820905,163.38205150675174,175.283360436108,172.20544418556602,71.52319763709609,70.62410796204745,162.33758701778973,169.20342987807473,32.529791842743485,17.033334557010786,[-5.03741594e-01  8.63854386e-01  8.49514384e-05],downdog
161.5045824168546,158.10991090638433,179.14346253810538,178.90537093369375,165.59078958856853,157.3512147832251,83.34928543532406,77.57663442513116,166.89716634254205,150.2208034892119,42.42775977302984,35.84798822779729,[-5.55319125e-01  8.31637337e-01 -9.39047122e-05],downdog
168.34641128076177,179.09952157106088,175.9082012051881,171.09309213019924,168.7741498257883,168.40411136885257,47.56338828019887,43.56676145423645,139.86993638601638,154.47873637275356,723.3327271757316,535.8003711022554,[3.59549836e-01 9.33125883e-01 5.26914336e-05],downdog
171.97299513699838,174.95951025949032,167.42563099935631,169.34296660259602,177.8077062117546,179.877860012892,78.41138206056719,84.81883764022415,155.33121842222573,164.7323964694167,67.19002594733796,26.909249935149752,[-6.94520281e-01  7.19473106e-01 -1.69858712e-04],downdog
141.8547006998561,167.35284670866557,74.12703070257392,94.91838370779922,88.45108956194962,76.66826404627633,100.71865637316988,83.18806794910245,143.6514531811401,141.37175303926938,83.24117931645583,26.24952431716844,[ 9.87285845e-01 -1.58954787e-01 -1.87178437e-04],downdog
176.43590343344786,172.64683709482804,169.84298690327626,169.95771224552973,172.3874783346536,178.05009094391067,83.09601685993259,78.29662116152497,177.78773124816612,157.85318773246098,85.7116158890492,50.22145416696318,[ 6.88844217e-01  7.24909359e-01 -2.57670000e-04],downdog
165.16189139070062,171.19318178738052,177.4547873381741,177.0133409877861,175.90047569033374,174.88427877502357,92.8425412080965,91.34163093035471,165.0239405674229,159.7751345066331,63.78174275650027,34.67081985826583,[ 7.43964491e-01  6.68219153e-01 -6.09282040e-06],downdog
167.73184458683718,171.29003886728012,178.94566549424664,175.34711949495804,179.2161530970988,178.65797042609677,81.01140632173599,79.95482515432963,166.81167340530789,172.73156976690086,50.91452789391518,39.206982795362364,[-5.03971753e-01  8.63720079e-01 -3.12361645e-04],downdog
167.53985375452024,162.6657960301955,171.07520705589442,175.4082602147297,176.09369522751274,178.95369129591805,68.77688111745218,64.45789594096186,176.7860438651907,173.1814992874987,132.43918969946998,44.20543254622674,[3.18175110e-01 9.48031961e-01 3.39204548e-05],downdog
159.39352658718025,165.03308954759518,153.33499531744394,158.86517706183272,119.97599695942152,119.78542246370873,57.97314496784559,57.66270070602196,114.77513789776694,167.07940816076118,52.49838787227385,28.84531779423297,[-6.30330860e-01  7.76326610e-01 -3.46839251e-05],downdog
167.73184458683718,171.29003886728012,178.94566549424664,175.34711949495804,179.2161530970988,178.65797042609677,81.01140632173599,79.95482515432963,166.81167340530789,172.73156976690086,50.91452789391518,39.206982795362364,[-5.03971753e-01  8.63720079e-01 -3.12361645e-04],downdog
164.58415540215637,158.0267580978159,179.5031155560954,176.53983307932597,150.0180791256265,177.37065156473759,84.03962611691689,61.0858389786407,172.18434108420934,167.14179091254994,12.045649658375687,69.26066347170396,[-2.64840781e-01  9.64292076e-01 -3.91998571e-04],downdog
167.53985375452024,162.6657960301955,171.07520705589442,175.4082602147297,176.09369522751274,178.95369129591805,68.77688111745218,64.45789594096186,176.7860438651907,173.1814992874987,132.43918969946998,44.20543254622674,[3.18175110e-01 9.48031961e-01 3.39204548e-05],downdog
168.14313860456232,169.28651058826372,176.31844979498715,167.3608682492181,179.8405039508155,179.73469851653363,75.76509689050897,152.83349800454158,178.56618650423337,164.8842465540297,22.474626677669143,284.62255737215804,[ 4.25090888e-01  9.05150426e-01 -6.66123378e-04],downdog
165.3799932183608,167.02581347715466,176.81714129100268,179.17236919122269,176.51058373810437,176.465962000732,90.09853054834156,88.64815181556766,150.03586176110917,158.5520047967744,9.911033419248888,7.288071793471775,[-5.83206715e-01  8.12323638e-01 -4.84763224e-04],downdog
159.39352658718025,165.03308954759518,153.33499531744394,158.86517706183272,119.97599695942152,119.78542246370873,57.97314496784559,57.66270070602196,114.77513789776694,167.07940816076118,52.49838787227385,28.84531779423297,[-6.30330860e-01  7.76326610e-01 -3.46839251e-05],downdog
153.87237123349027,155.37396630116484,178.01465296632577,171.56100140477258,168.47575790043595,170.74385637121927,67.60892552281453,68.48748452573953,172.22088129101158,170.0001577838918,55.90244124455388,25.614053504811807,[4.54974011e-01 8.90504688e-01 2.23221044e-04],downdog
178.77275762131652,174.92928997584062,178.1184321758941,173.77610924375472,86.18747557583313,55.93714586795449,5.77147937534346,7.613375609143814,134.8020989434609,148.62318595486195,182.0439533789629,79.47955914551217,[ 1.10125431e-02  9.99938916e-01 -9.42832740e-04],downdog
163.20122628206659,159.9105545280269,142.46602849950105,144.08023202224803,165.6461811621177,168.0875153452568,102.67068647331362,99.92304691262244,173.91219981205344,171.92268157479518,168.7161478921519,70.00058511691383,[7.55312068e-01 6.55365291e-01 1.23108867e-04],downdog
158.77149100064145,178.01121935672813,172.21641262885242,171.5382498033001,171.39223575669936,171.70633258538302,83.8754688356277,88.88319953696205,155.01864135026943,152.36261190817257,5.878942020883508,7.223999539724578,[ 6.11585566e-01  7.91178153e-01 -4.75852648e-04],downdog
94.97323446008906,115.85172262091999,15.298339174076872,122.76334005586746,175.84001916290302,173.9410674089006,75.14794971107351,71.44897623007788,147.22681299654468,137.3777599370598,130.30803018357585,26.084235164065536,[ 4.55696126e-01  8.90135289e-01 -4.55533149e-04],downdog
171.94745942543716,163.55413521694453,176.2685894785041,174.6904183207576,170.79443711490057,167.33631686982915,67.92095077927151,63.483568434498956,171.54590014959862,171.26158923896637,25.083602393731546,15.62393146639459,[ 5.14495730e-01  8.57492884e-01 -3.12551763e-04],downdog
174.2634345646879,168.7642666636835,170.22732595167489,175.7570093921688,178.24878456545548,179.15216333244922,83.06995530857436,79.897611997593,169.8925698846916,172.24774643126094,80.15694032484626,46.01189302383492,[-5.66982753e-01  8.23729660e-01 -7.21441278e-05],downdog
159.45313351610943,166.6906460841654,160.15216031373174,158.40592979192004,172.86543770979756,175.59382018731057,83.20314993568304,95.21548164957164,168.20047994577033,175.09990881115272,76.21984905373749,44.9239206700373,[-0.75349093  0.65745778 -0.00082747],downdog
168.80405721999634,159.6217610670762,176.10771783506053,174.6155941527819,178.40704571009465,174.49017601503633,72.17041788752364,74.3746883517372,160.41111797763915,165.66984746075616,15.628199816488035,8.069006454754092,[-4.15401433e-01  9.09638174e-01 -2.03274500e-04],downdog
155.32204497761722,150.74412470340783,151.15222490567263,150.19271493279845,168.61891093248076,171.7703189067181,77.34902465603581,80.75387265333228,166.42950781440143,168.28690355912084,35.17312114498926,10.635861650207149,[-5.48573765e-01  8.36102083e-01  3.61636955e-04],downdog
163.2134014315603,166.91764399457762,173.0731850031635,176.29378650552812,172.01988200650467,179.6976371447399,62.57987652432418,69.03363239773697,151.11019348990143,167.97943636770398,7.22085800365509,15.003110696763565,[-6.97824274e-01  7.16268968e-01 -2.19632797e-04],downdog
164.14753215134337,161.0634728736599,151.81816149148491,153.89347967393618,176.9398744078687,172.23482226413944,87.8295924166222,88.33387612089264,159.31757137699324,156.76284673472082,57.28401922435566,58.18344738158015,[-6.74741043e-01  7.38054546e-01 -1.08515206e-04],downdog
154.32533214203596,164.08885640527808,169.3295898938314,179.28811712888458,144.50716719993503,148.53301530320417,50.73805279941409,45.334794499017974,164.05424011925757,147.3521068856111,14.896324858684466,13.006791612851305,[ 0.45418608  0.89090347 -0.00245308],downdog
162.81803250048452,164.25339303234333,164.98774363510833,168.3181538793217,178.74931706603874,179.8139015017751,93.83637352073204,92.06275422011562,168.7952558060176,169.45912749078403,30.531681627782802,9.492105541984234,[-6.22926780e-01  7.82280142e-01 -7.95611373e-05],downdog
164.1919574017961,165.84212056770363,170.16244902537917,171.60574709133863,179.70906245371586,165.43340088106928,91.72717183412723,86.85912909719269,163.38323320158446,175.33476509362822,81.86029386260581,42.060085422509644,[-5.23524570e-01  8.52010574e-01  8.39023314e-05],downdog
145.485889753611,138.75204429086546,99.17560542111076,117.39852814965955,137.98014575731182,147.66105956190242,74.89782905722384,79.50591771412851,123.191139895493,129.25832935712694,30.83184605901736,21.960402209258884,[ 0.72155352  0.69235771 -0.0011526 ],downdog
162.1726175806971,156.37453358414174,167.38875243325168,163.6188645680591,175.62381255617748,173.51141072468712,83.24235981809957,82.6639656343178,156.25569994843383,148.1491902586677,14.425509948224187,5.38913215511646,[ 5.47489193e-01  8.36812750e-01 -7.53337020e-05],downdog
170.68316051500378,173.37014623648997,171.83165943587554,169.4361759131456,175.21397548589766,179.98418509224666,75.65616562136506,74.59457752363619,151.55905162094768,144.97399673257462,26.249679166444444,37.216269710812675,[ 4.31547479e-01  9.02090212e-01 -1.51749502e-04],downdog
158.88159486014078,156.47742488569548,171.8849825010967,171.83362671064808,179.37043987879562,178.9055399864217,68.85870787116708,66.61506740260822,173.28439434693803,170.50879190170195,24.169521769542307,21.027253904610838,[ 3.93086806e-01  9.19501300e-01 -3.51421095e-04],downdog
160.58416745374373,178.08787608582657,1.5672959294019022,20.389625137255628,176.9071683680426,178.15384584911382,129.4251950205616,149.53500940672708,121.82539157667135,164.1520691678701,117.7200167140738,77.31754843446049,[ 0.13543044 -0.99078056  0.00353307],downdog
159.4604082341251,164.61636084717856,178.38738277450855,172.1601899768877,173.6653556415541,172.88897951736325,79.04582145753253,75.63188781842278,167.49974655002995,162.2267853724297,24.20959081925239,23.02357412483447,[ 4.98654084e-01  8.66801045e-01 -2.30327231e-04],downdog
166.65272363204994,172.58601868446854,172.73487380944314,177.21289441675594,178.78718277121425,177.81102266145007,77.39725609011403,76.82278035647755,160.71814630271896,166.0839385160119,36.12707684290013,26.25045998821772,[-5.46429204e-01  8.37505294e-01 -8.31596001e-05],downdog
162.1726175806971,156.37453358414174,167.38875243325168,163.6188645680591,175.62381255617748,173.51141072468712,83.24235981809957,82.6639656343178,156.25569994843383,148.1491902586677,14.425509948224187,5.38913215511646,[ 5.47489193e-01  8.36812750e-01 -7.53337020e-05],downdog
165.82918913478423,156.20301645208772,171.57565481805236,174.01504291210884,164.45202767176036,171.26468693601987,81.91719074359897,78.56291607512179,177.7296470419136,164.29122027678673,35.115561074718954,38.01385503060329,[ 6.11303107e-01  7.91396554e-01 -7.25512321e-05],downdog
170.68316051500378,173.37014623648997,171.83165943587554,169.4361759131456,175.21397548589766,179.98418509224666,75.65616562136506,74.59457752363619,151.55905162094768,144.97399673257462,26.249679166444444,37.216269710812675,[ 4.31547479e-01  9.02090212e-01 -1.51749502e-04],downdog
158.88159486014078,156.47742488569548,171.8849825010967,171.83362671064808,179.37043987879562,178.9055399864217,68.85870787116708,66.61506740260822,173.28439434693803,170.50879190170195,24.169521769542307,21.027253904610838,[ 3.93086806e-01  9.19501300e-01 -3.51421095e-04],downdog
159.4604082341251,164.61636084717856,178.38738277450855,172.1601899768877,173.6653556415541,172.88897951736325,79.04582145753253,75.63188781842278,167.49974655002995,162.2267853724297,24.20959081925239,23.02357412483447,[ 4.98654084e-01  8.66801045e-01 -2.30327231e-04],downdog
168.93730028248115,170.383675108069,172.62545716731574,172.2727056133869,175.9730223881514,174.93201742649185,77.00752841725341,75.30406116868257,174.1150203257742,168.0003188412496,47.803853603066216,37.64551157535183,[ 4.93776223e-01  8.69588993e-01 -1.55769265e-04],downdog
179.48404673797597,160.4136462497274,179.07064659206142,170.1321017136739,172.8862595528864,175.0315204525431,77.61039195584205,76.36970758624383,156.87653035833569,154.05321373177364,63.06449169874951,35.22904137663491,[ 5.76390356e-01  8.17174497e-01 -7.63614044e-06],downdog
166.65272363204994,172.58601868446854,172.73487380944314,177.21289441675594,178.78718277121425,177.81102266145007,77.39725609011403,76.82278035647755,160.71814630271896,166.0839385160119,36.12707684290013,26.25045998821772,[-5.46429204e-01  8.37505294e-01 -8.31596001e-05],downdog
162.40209140404406,160.69728629376166,169.14046288505256,170.20067436171308,171.79688929410602,179.58264254285137,80.31666341879574,80.49948846410966,165.4044570644436,166.0767820693849,41.05009961163561,42.80265119592318,[ 5.13939914e-01  8.57826181e-01 -9.00562551e-05],downdog
176.02652197739707,169.34632555002315,179.6041546567356,177.06471495479028,178.02409935814583,175.9569017960173,85.06917755263035,81.52655515688464,174.64951347966732,173.1364272619093,28.321993151828732,16.281169165633365,[ 6.48118629e-01  7.61539389e-01 -5.05767092e-05],downdog
135.3346667491279,161.24997172096576,143.856959221026,152.3750166649059,179.71140753384316,174.4837499917107,71.37133702757555,166.56041894344554,169.66882635496373,176.0443157924158,38.12910653818727,362.4279578822525,[-0.62015912  0.78447479 -0.00140203],downdog
163.26834300043294,161.56140644671075,162.2654477999273,159.30258950030324,173.5373927453067,175.4313203902349,76.6451107408824,74.73493510608459,159.50113183653866,153.507004357872,20.133032278777737,8.618060481744747,[ 5.52736260e-01  8.33356207e-01 -2.43698280e-04],downdog
169.51916500091826,168.15626021322217,156.41888071126925,157.7045216171344,177.48551457392452,178.1260789209407,73.27200397900026,72.8073219943005,166.98111679522188,168.15325364549827,18.449726726626142,9.909976714503912,[-5.47735748e-01  8.36651308e-01 -3.73619410e-04],downdog
153.70018798235358,157.27443171245076,160.29423550999962,177.602905174581,171.56327756496944,167.3315041073912,76.5553540737998,85.38674070712773,155.0496444212836,147.66847796583133,41.15041317164263,22.02587875208992,[-5.18727427e-01  8.54939649e-01  2.31308935e-04],downdog
170.67983722496672,163.4575178994003,177.04205459456054,172.30069508482885,178.7136497426598,179.43125107600315,64.09967585571303,176.02473309608,154.77837451345158,179.7514128965966,41.781982861292,797.1060357348599,[-3.72320826e-01  9.28104088e-01 -6.68874887e-05],downdog
160.7539554953359,32.516067194275266,149.3421407277562,61.307259891974105,172.07078390950642,177.12358577007092,79.03463364176305,72.84753369193324,147.62571185453254,153.8689962206169,124.49004610158508,2.9432903305103517,[-4.52609628e-01  8.91708521e-01 -6.61667797e-04],downdog
170.90713718048372,178.52760321270455,169.08819988142852,6.880558633567756,172.82414991687637,169.38220673432315,49.320084139071504,140.02912222261648,160.48819498000432,149.1390834907149,431.4744640494516,383.648278187301,[ 0.2034119   0.97908928 -0.00278943],downdog
153.74662621987923,157.29429225941863,171.13814034668437,171.82634732301307,171.9061209275644,169.33320159380696,88.86634746034449,88.89107399049107,157.8259260351331,162.6065710902638,26.629862252792677,16.973528948157576,[ 5.93752275e-01  8.04647892e-01 -7.74715293e-05],downdog
166.4549997571006,172.6293953491328,174.4789388195943,175.9283937490773,178.20072504719172,178.25042930140557,82.10668466458851,82.48477025171006,155.9244467528898,158.43314816460682,23.090301395270725,17.495497934692267,[-5.29041104e-01  8.48596133e-01 -3.38403335e-04],downdog
179.73585493284062,178.64329552881063,77.81634680000046,81.50694420392486,165.43168504697968,164.58609204893733,169.2008402454573,175.54622416659493,172.16086526726002,153.2692277632737,6.713639710643507,15.232229447920895,[ 7.90478379e-01 -6.12489870e-01  3.03654594e-04],downdog
178.8401644042986,167.10528447454638,150.96950199670127,149.83932187423383,178.55520218454487,174.66196891286825,78.81737212471364,90.92464046052734,168.4272952856953,172.65431801152423,138.1617749624335,55.4452012793134,[-0.65594298  0.75480975 -0.0010218 ],downdog
171.62835915311584,178.52438958215438,168.08420760425327,170.65696496044345,178.76054834662258,171.743255554453,94.6451399438884,90.48736061271904,166.08742735159953,163.1413465599166,12.373798720635564,16.126525911439792,[-8.79648675e-01  4.75623993e-01 -1.61838813e-04],downdog
163.44688578411868,160.9099948449489,175.21930045035538,173.1537945759884,174.07656711894012,174.98005674312716,73.11281476262157,71.68629076575314,159.0620329505739,160.66324942090412,25.49646046364755,36.71598590727966,[ 5.11739839e-01  8.59140461e-01 -7.32545448e-05],downdog
165.69329196094083,167.1406187053469,176.93602239440997,177.1731691063661,175.25945180378062,175.81275606824184,84.88675018257987,86.31761693763886,157.90541770958652,167.49702576339192,21.22720340131634,10.01464216779235,[-4.88912193e-01  8.72332958e-01 -2.78803449e-04],downdog
170.0874512449879,169.82595533744092,172.9772313963566,173.82042453822947,179.54737454648807,178.0572580368021,73.10261889772634,75.98941022672582,159.9231815675046,178.89447522729546,41.0496352486368,56.8512269630385,[-3.86438402e-01  9.22315218e-01  1.57391501e-05],downdog
158.93100041592896,157.33503990897117,174.74272975289932,172.78669697089063,136.55313622806224,169.60578293062392,39.066642711148994,59.78452163034342,168.04607667930838,155.3135801824727,8.255671850464188,3.6176470297018053,[-4.65746433e-01  8.84918222e-01 -3.61925145e-05],downdog
171.48699333630537,175.74742944924168,174.3548375583344,178.36650725515528,179.9328053623824,176.69670353286662,79.6140540903546,77.963063018052,167.95762689151243,172.7102614597868,20.130379814308213,12.811483796157825,[-5.68233894e-01  8.22867006e-01 -3.63531512e-04],downdog
164.98249581196043,167.85339044859418,175.93204985659358,179.73731776354882,175.36241240065337,174.71572457830482,89.32780621695184,87.67461626212204,144.7163793568534,157.50047544717864,46.69268780358639,32.69710720849563,[-5.92702776e-01  8.05421257e-01 -1.29933230e-04],downdog
179.30235597143204,176.86378485084094,171.97117256530217,174.03683352925992,125.74059329745424,176.08247722426444,16.841056588510188,13.332578694064805,105.33791400515743,54.48376034402124,375.2253589776825,113.437400330682,[ 1.96467571e-01  9.80510248e-01 -3.84723782e-04],downdog
175.81972976997048,158.368943568352,179.61185575219693,171.43237633343358,178.00077469331097,176.07265572048038,79.95331042590475,77.86026767759401,155.06564421700187,159.65574354329542,3.6430798648632683,4.257992712934642,[-5.73462327e-01  8.19231896e-01 -2.42801106e-04],downdog
175.81972976997048,158.368943568352,179.61185575219693,171.43237633343358,178.00077469331097,176.07265572048038,79.95331042590475,77.86026767759401,155.06564421700187,159.65574354329542,3.6430798648632683,4.257992712934642,[-5.73462327e-01  8.19231896e-01 -2.42801106e-04],downdog
163.118205027662,161.85088195465988,154.82631559101014,153.52350094800022,168.46146308745531,167.67397616832153,80.85415354306203,78.36152789627339,167.74823592012618,160.04137241212737,18.795890738234025,19.31710833975917,[ 6.75631609e-01  7.37239354e-01 -2.54038482e-04],downdog
150.03464242200837,161.5869875294294,159.6523336335061,168.0286913509641,133.19725496438693,134.89790995035878,66.00521294531825,66.05505030964896,143.42696773651818,157.84159770166528,6.008010355111054,25.496166722484908,[-8.18088702e-01  5.75092058e-01  1.02627958e-05],downdog
160.6061417182582,170.2128910548928,156.6310314936635,155.03710105229666,170.04360521795874,168.54875052309941,57.4272769499695,59.36638386673716,159.56325250047252,166.1453783925824,51.40064541660042,35.46924066422118,[-2.07925604e-01  9.78144642e-01  5.74798354e-05],downdog
158.20875924077254,158.27286669782103,156.44121955214226,166.4430171295184,176.0745546851617,156.75134124775536,83.33271373008662,82.18154346026266,131.0282805294493,145.81782989138785,524.9955460894813,356.72545372588456,[-8.09998956e-01  5.86431313e-01  7.50896517e-05],downdog
170.12534840573102,178.7803820328716,141.50598599020574,149.3001763508676,165.14581632099996,158.6923888816099,102.6258410920668,96.31618314427799,175.6268869776128,175.5172239918739,21.63721145568148,27.588083384418802,[-7.25384656e-01  6.88343737e-01 -2.41988798e-05],downdog
166.19975713050067,172.47806669704983,170.96566864984197,162.83324136274285,177.60355070186978,172.07746229933937,75.42578937763325,68.90548800239824,142.28933400422483,155.69767948892888,16.76561718511614,30.08453838177997,[ 4.75248353e-01  8.79851680e-01 -1.56891007e-04],downdog
171.36074223737512,173.31608553306717,177.4505183624712,178.6618926866253,179.44843233514496,178.17033126833485,78.04956142389594,77.23001044248174,164.7448625857326,157.44748753190183,45.27917909718664,44.04728514483228,[-4.69552829e-01  8.82904354e-01 -2.08038480e-04],downdog
166.76444977554485,169.61454830795228,154.74090086726162,156.81683152240956,173.65975581390487,170.37929386503203,71.20754340733866,68.21097046011141,166.7607111111287,175.72458106106563,43.474255089556074,16.28368433032203,[-3.31544641e-01  9.43439529e-01 -8.34812013e-05],downdog
169.44539498329112,169.1197811467094,179.61063026897995,174.4673261706651,174.41337096711217,166.57558943708054,63.3052322418482,65.82234513070964,149.22714530129073,164.68933909702884,162.29022169354926,240.39361289524032,[4.96520829e-01 8.68024807e-01 6.70629730e-06],downdog
162.61816295426382,162.46963237190062,164.56682206410252,165.76673585483545,175.97170083437058,7.441035824456084,91.3970427490386,49.40424848138225,147.99460740513328,127.88222358786062,11.714347489110287,185.04416594175842,[-0.80833877  0.58871465 -0.00186758],downdog
172.90679796660615,178.5586940681535,164.84421178887808,171.21652749368377,174.0687578288601,173.3578597125743,73.40204107092835,72.89168925775496,163.8532561001315,164.13963714443452,25.241609620136447,17.00208833689324,[-5.71749311e-01  8.20428379e-01  1.08248161e-05],downdog
168.12381680264832,176.093753196602,175.06670373207106,177.59053120482218,175.52107139885086,175.2870434487741,73.53909189681077,73.32389059907855,153.030034332916,163.42374115329494,45.60938892129246,19.109231650702128,[-4.56090789e-01  8.89933247e-01 -8.81486480e-05],downdog
157.63071149716797,154.7905128317079,164.7689490243661,163.72764696466612,160.97144349161223,162.12130045298372,73.15844821523277,72.75091602586659,169.09852137167047,165.25628937494963,19.41936010061491,17.20625300367321,[ 6.03159419e-01  7.97620652e-01 -1.02009750e-04],downdog
164.4532016895504,174.98490985151096,179.42768424464438,176.21547246957294,154.58580033045072,154.59452189075526,65.9590544391268,67.05109622732502,170.626837941792,173.0831873958586,39.206546138533284,18.441917338728253,[-5.75740975e-01  8.17632148e-01 -1.99361530e-05],downdog
161.83551860744302,169.9783644400353,176.1933174154073,172.44281790666284,169.35192236810101,175.36929129102842,83.75395841134457,81.48562920624146,158.20096958603224,170.17057996042385,41.77497110169409,25.61402392606844,[-5.93327942e-01  8.04960839e-01 -3.49975513e-05],downdog
168.23215105350732,157.9412903832391,158.40789529934474,155.37291079039895,175.09103920245371,175.22559050817787,93.39001748832732,92.6132321054447,169.50846311728398,164.06661776283946,13.041309541687408,11.403439527039833,[ 6.81846384e-01  7.31495392e-01 -5.00493676e-06],downdog
159.86408730637174,159.5279441741533,174.664544646385,176.05043600920055,178.3331116026757,179.24680105431702,79.73815268140022,79.11404373228753,163.10592614438474,167.10828079865885,35.779549482328264,18.60371051912165,[-5.98764718e-01  8.00924970e-01  6.98240905e-05],downdog
165.0338030346486,174.67355206795173,178.00896032468654,176.7094806927246,176.5715264950185,176.30417199763542,70.04076743181379,71.54113723326628,149.52726473539042,158.20733097682918,399.20446231165283,68.24357438301293,[ 3.10661565e-01  9.50520589e-01 -4.15490468e-05],downdog
163.03038578834102,162.4244758148946,162.05897451627084,164.3779705981993,178.5273117059969,178.209920086278,88.52759504796947,91.36901839097568,145.64369028035762,164.53855233346275,5.467322490489846,15.823063704620745,[-0.74085915  0.67165802 -0.00179259],downdog
160.8419591347829,164.5742565765417,176.1117672969401,177.91405209950685,174.01840514958,174.9707246701839,59.34628687406498,59.809922197282155,155.70897912727628,163.2229745891608,24.762541761843394,12.73213268697091,[-5.39129808e-01  8.42222685e-01 -2.21859730e-06],downdog
166.6549059049974,170.71675994539862,172.47332758707822,169.5580917473741,174.196955334686,177.43688765236197,69.4147872092244,67.6560612189774,175.45136917395195,163.1192462747627,27.735199408197666,23.024796282979345,[ 3.70464773e-01  9.28846460e-01 -3.24574357e-04],downdog
166.6549059049974,170.71675994539862,172.47332758707822,169.5580917473741,174.196955334686,177.43688765236197,69.4147872092244,67.6560612189774,175.45136917395195,163.1192462747627,27.735199408197666,23.024796282979345,[ 3.70464773e-01  9.28846460e-01 -3.24574357e-04],downdog
39.97431553340101,179.06594646233194,3.1149545214546666,52.41526100424242,22.58573251426704,24.325878937938985,14.710049288179743,69.37197586960593,169.55991432719802,150.54293011371573,178.67619097877272,27.166210890306072,[ 3.85812895e-02 -9.99255399e-01 -3.63899654e-04],downdog
157.84532521612562,156.44364345491718,166.29098607738518,165.34589942221442,173.9503619107126,174.60482369942008,82.54060817426739,81.1532367098951,160.3550367749634,162.635801396864,28.305096844373328,21.54385984265023,[ 5.10758556e-01  8.59724029e-01 -5.38805174e-04],downdog
174.40268758190075,173.80079884454068,175.74080552600014,174.17204036714332,179.44735953121724,179.93350552737246,64.3648804929055,63.3063462699588,164.44751200297017,173.88551735077812,65.19380459894597,29.41308074537431,[-4.28809068e-01  9.03395139e-01 -7.37830979e-05],downdog
156.72687210716091,125.71786273702669,169.85225418201543,167.3958121091975,167.5117655728955,178.52583062776867,69.81486615595176,70.37648936827526,175.13901536683827,167.9908443130231,10.300818067542547,29.83602768172441,[ 3.24451936e-01  9.45902182e-01 -5.06673719e-05],downdog
167.7937357406841,175.01949451308516,168.71339210785587,162.9605036419487,179.67084549969925,179.7451851755901,80.72724747851576,81.35575692858107,168.593281393177,177.9208171924188,40.25035752658421,38.41956205502432,[-4.18699336e-01  9.08124911e-01 -1.09863211e-04],downdog
165.46704939817084,8.190194555987027,152.3084553956465,27.123222202547673,171.68302735516858,179.35586459478264,78.19646201806134,70.64349093723561,152.46313624448396,153.55455814836338,133.7417723197764,3.6892859556789537,[-4.37760006e-01  8.99091705e-01 -5.31269144e-04],downdog
161.03496654761577,162.69790278720143,175.66132851728577,176.3395515058991,178.5575339455665,179.60106755012137,74.69830459916295,75.42726074153694,166.42722576550526,174.11560288792694,65.07023739557724,31.146041767721854,[-5.34508539e-01  8.45163074e-01  2.93902262e-05],downdog
165.80211898668117,169.9896968515321,161.0067882915718,163.90723968683,179.8467667880502,178.6529127978761,85.64107055443705,85.09218499578178,159.32221953060343,163.57525683077733,25.556639222179733,11.404883432237293,[-6.60758543e-01  7.50598520e-01 -9.61310421e-05],downdog
171.6657637478412,166.7693706436562,176.80948796802036,174.18193007342288,174.31435016276637,175.9514563480699,73.7024701856837,71.46533965461704,165.79317792782032,161.85568532335452,18.128483500555607,8.554764674536388,[ 5.09491945e-01  8.60475284e-01 -4.93522401e-04],downdog
160.5296743290902,157.7292818582116,179.030496210387,178.32090365906998,175.43106058563782,175.62929491487515,77.84983145226933,79.41757259664821,161.74568045743737,161.28973341962944,22.143468624028635,18.97671888201645,[-4.07230206e-01  9.13325549e-01  2.14428545e-05],downdog
169.8183869558747,170.29649645222955,167.96728050679062,171.9461335400855,176.40153865371437,176.29737108700584,80.06762492217315,81.46775553597627,148.88201383765713,142.09570596945474,17.03257987641254,26.834461060527385,[7.38908175e-01 6.73806133e-01 6.13904773e-05],downdog
170.93337607632122,143.45097098445538,165.30030782195558,154.86257123973368,171.6446723853146,177.79309374692605,74.72821709579226,53.893774328992215,142.87566371130762,141.91122620234927,156.47446823857877,25.943790089334787,[-3.49255687e-01  9.37027453e-01 -1.35650002e-04],downdog
161.86155522285475,155.1214162789667,171.50031558882333,172.19422519844892,175.374296896718,179.9069621462645,62.84995827732698,65.03627935498699,157.58212178131353,162.31150538593917,27.29746791056764,18.603344633472567,[-3.74538568e-01  9.27211332e-01  8.24214536e-05],downdog
166.11379503969357,162.881040301629,179.7189351041261,178.42067163891116,173.07565899709564,170.40448491748043,75.81742022770258,73.20449610790709,162.82942229063363,163.734677975212,19.107411394498804,14.32002658229791,[ 5.14495751e-01  8.57492918e-01 -1.32023746e-04],downdog
160.76321564106263,164.4952480791161,173.41786342257302,177.6012642381575,169.77201835742488,167.61557362961713,78.43987271432819,76.81144056188771,158.4428915919764,164.22646929545382,15.266079124335795,7.213880810798018,[ 5.16728991e-01  8.56149014e-01 -1.28973651e-04],downdog
176.06108204484494,176.53348910725998,171.4005239596988,179.92181477933826,179.45437405784938,178.10030585403595,65.95533565953218,63.424864670493534,146.35255120730474,155.41151255261732,41.234123910014326,36.771636403735634,[-4.89732700e-01  8.71872609e-01 -1.91076907e-04],downdog
179.00898633087962,173.31978301655246,172.50023732168495,171.49890207239991,172.80811849915142,175.12955851690205,76.3949604627898,73.54337544419911,161.43486678882792,153.08068012013234,23.26281727727128,10.634044986070327,[ 6.32413546e-01  7.74630947e-01 -5.00500396e-05],downdog
172.0704156169475,170.6510369448555,177.5805238767993,174.9383609602315,179.30694741867023,178.2146872473078,74.5180145063752,74.4884991755867,169.74875959457984,171.18355138516213,24.08591107254027,10.003410287657397,[-5.07020125e-01  8.61934212e-01 -8.08326539e-05],downdog
152.82624986126075,155.62081579611808,175.17648305286303,172.67210874987754,169.87811652949864,168.81682813338819,75.69549851192491,74.55051851009964,161.55146449199512,165.747921481438,81.63528525026071,34.207821261457426,[ 5.09802385e-01  8.60291524e-01 -1.50015871e-04],downdog
166.2327142583409,168.53935754078708,174.59975558003617,171.8337645945294,172.9822867240285,172.35532001271676,66.81367468516686,65.12421175360676,174.20018571861138,168.49983323100747,8.639898257279826,5.035447326722457,[ 0.39186162  0.92002294 -0.00150305],downdog
156.0611118172871,160.11005768729518,166.84969618714385,168.30762314905783,174.21318045070285,171.32498620881722,160.94833767117797,84.13539420868942,156.60924664497554,167.18158213333382,27.817804030117326,475.03490502888565,[-0.51629359  0.85641117 -0.00090826],downdog

167.00685303280468,171.35182802708346,158.0024104208894,168.36597038537982,176.966383380461,47.29428850874067,173.51034723030202,116.09451031714296,176.37618285467403,161.829884528529,0.010770836918512586,0.2531365756939259,[ 7.96334203e-03 -9.99968235e-01  3.38434221e-04],tree
173.90687013399227,175.76142536679066,179.4428085676648,178.11123881829843,175.20030751720859,174.1541322626073,174.58901239531903,172.49773925178457,149.1815815754206,146.83502469320905,0.02275866689710247,0.013427168377163337,[ 1.24987608e-01 -9.92158265e-01 -2.72733225e-04],tree
154.8409708304468,151.5528929263012,168.0397647334808,174.4800980504685,178.3755094818194,27.219619840233683,179.71745241469512,117.6083840809993,174.58067861257507,155.49560005829497,0.01920251514134273,0.2623141856890255,[ 6.22347823e-02 -9.98061509e-01 -2.38361005e-04],tree
153.1070808631373,151.69866306052037,168.3844559772263,173.05810258405361,173.59786209250439,31.35600286958572,172.40063734550074,122.20233189260772,171.02718064418346,154.10303758875907,0.03952066938956004,0.26788402328940353,[ 0.05678024 -0.99838586 -0.00129208],tree
142.89404763124944,150.9317755737761,177.87962079062572,176.84832240522232,176.27284107753982,46.95843188297577,176.30320978142666,114.38919992848469,164.4241927332009,132.47965509336237,0.03335416016031584,0.19275956526201235,[ 0.02115923 -0.99977356 -0.00226182],tree
170.66723089205996,162.61063175463363,142.99159724876327,126.66098299642147,178.55855138093463,26.096554782616504,179.915362122861,107.0655639844892,174.32396538094628,156.8376946752894,0.27175791804591415,0.21873896560634876,[ 0.06049482 -0.99816447 -0.0028403 ],tree
152.22039573194644,164.56838837625634,175.97199586669063,171.00447835435153,176.03122391386268,31.75789352638667,178.73283044204211,120.43745675418049,178.04700411839076,150.35041037034196,0.05653710247349823,0.26782386382393925,[-0.01832675 -0.99982624 -0.00340748],tree
156.68486191134963,161.22167297281771,177.90666214237012,173.90406545135,178.10973021733733,31.471187893355523,177.45571042937746,113.33838360565508,164.9520302659489,136.79240591238985,0.02666410949340691,0.2863195012822115,[-0.03555051 -0.99936445 -0.00261822],tree
174.7559179012118,174.4122490060959,178.3921031077605,170.31296180274336,178.27991327045095,39.57697076395264,176.41348184130436,128.66695675246942,171.6488600387799,139.75359885034962,0.17779166612417432,0.22090722034374521,[ 0.05591199 -0.99842831 -0.00384115],tree
119.70071845260705,119.27522919804785,166.6782934221192,171.47378514139984,175.9121237981727,27.29734849891924,177.90972801625867,126.8002492147965,165.51083814046177,153.30225363742358,0.019970749552122753,0.2681932762081481,[-0.05496263 -0.99848771 -0.00118347],tree
103.4075461934347,108.1735963369937,160.1063668721181,164.8705328984426,169.48910173995964,41.658036354255714,176.6927700166472,119.4689593421397,166.20032996909734,145.76277024074506,0.038395803290914826,0.22449443005729897,[-0.04209734 -0.99911031 -0.00253215],tree
152.21267662647614,151.6917404488077,179.7578836588549,179.95154357768337,179.61449879586925,27.36669897978334,176.83302919536888,126.42567198553002,179.45048744118625,143.5776777071274,0.06205135374626486,0.2521810948821662,[-0.01386614 -0.99990247 -0.00167021],tree
88.3819867970678,91.33879382924836,160.0402975713433,152.1202401470138,25.73769023092091,4.228617359643433,178.6251135181571,107.31357190365115,173.55921462867133,134.8072043686718,0.033861284222467244,0.09216655877384713,[-0.01158223 -0.99993232 -0.00109665],tree
169.76814965373572,172.67074391448483,148.14541786662755,147.0173024554919,179.05292104573485,25.203965306258826,179.85597422842986,126.6083254820895,172.2386776759481,159.5386416252493,0.23929836478767333,0.2718347954765968,[ 0.06941967 -0.99758641 -0.0015043 ],tree
153.57933858169753,161.01917097817517,177.5935132137154,175.23093742587207,176.1943587321744,30.160982378273353,174.73922293077155,113.76139380565633,164.970681331032,135.67801995021884,0.046915672458844974,0.24630120362014252,[-0.03616672 -0.99934363 -0.00206879],tree
166.53476791664386,167.40116074455275,160.38037256493598,167.34258826667238,176.33837017880035,26.10268581972587,176.30026021850955,120.20660149463129,168.9694559451386,159.90216804229706,0.2521817531975222,0.20259088531754024,[-0.01373493 -0.99990263 -0.0024675 ],tree
161.16808914952475,170.23753409530502,175.36020040825932,166.70640892636087,179.90900762762118,21.7219220740246,178.27202521902086,124.8163811483057,177.26773557356103,147.35534315297303,0.01831666382298953,0.28914862743065717,[-0.01723881 -0.99985072 -0.00117032],tree
82.65264148434439,85.18151074025215,166.58975026411045,144.723435031789,177.8217578392943,57.42909170971898,176.63493698334676,124.59872494135452,177.8744226310083,135.0785620143398,0.05384384284408284,0.22128402552704665,[ 0.07493317 -0.99718757 -0.00140369],tree
97.78620214870305,105.03192632580927,168.73227959015585,160.5290557275731,178.53952357606275,46.057955217797726,176.12308941259184,121.3542997421314,161.31789418587698,159.2369522490282,0.045936395759717315,0.2240566037735849,[ 0.07339418 -0.99729736 -0.00335783],tree
110.22487167859892,113.08137587995714,156.65038151988674,170.28888872380162,176.74020173060535,74.57048674700697,179.70010194685636,125.61960744769159,174.78777976435467,135.89865680466525,0.08194274899542348,0.134890250248987,[-2.58905914e-02 -9.99664500e-01 -7.51830352e-04],tree
142.0123998340045,152.61355383628626,176.24123852909793,176.97640401948246,179.81163015040755,44.96527928780396,178.12346915402966,113.84932713228645,178.52430201358624,133.93297461470917,0.035794552658190884,0.19764235376052372,[ 0.03662454 -0.99932662 -0.00222329],tree
174.27148403319538,167.14872323158139,169.25216822041952,179.8533751093667,178.62688263337012,20.104266123995853,178.1970248432268,123.51338923257997,173.07531798363786,171.1387124498636,0.01095053965073789,0.2026456977935935,[-7.94722471e-02 -9.96837074e-01  9.57997575e-05],tree
97.78620214870305,105.03192632580927,168.73227959015585,160.5290557275731,178.53952357606275,46.057955217797726,176.12308941259184,121.3542997421314,161.31789418587698,159.2369522490282,0.045936395759717315,0.2240566037735849,[ 0.07339418 -0.99729736 -0.00335783],tree
152.21267662647614,151.6917404488077,179.7578836588549,179.95154357768337,179.61449879586925,27.36669897978334,176.83302919536888,126.42567198553002,179.45048744118625,143.5776777071274,0.06205135374626486,0.2521810948821662,[-0.01386614 -0.99990247 -0.00167021],tree
176.25871036600668,177.82160646191159,178.85472106386348,172.77766708802199,177.7105179565966,29.43070868896018,177.00565489525343,128.13746385807346,163.30078430086917,150.413705754253,0.14499506689997566,0.28607854385277315,[-0.09322482 -0.99564109 -0.00281883],tree
176.5417689836862,169.1106043933553,165.95541062001251,179.91333175574982,179.60686339446485,23.573555413766137,179.2872449200661,123.93302945566417,169.19712791905985,164.8799470778975,0.05890241650743717,0.24440245906564848,[ 0.00958422 -0.99995312 -0.00138186],tree
169.76814965373572,172.67074391448483,148.14541786662755,147.0173024554919,179.05292104573485,25.203965306258826,179.85597422842986,126.6083254820895,172.2386776759481,159.5386416252493,0.23929836478767333,0.2718347954765968,[ 0.06941967 -0.99758641 -0.0015043 ],tree
171.82634103787416,164.8547444091111,161.41381321271322,178.16154715729942,177.57178758829224,30.441730966482655,176.61250914319297,115.82745232905593,162.6530574510129,161.91401230596696,0.055485110830181615,0.22773223756012742,[ 0.06303227 -0.99801088 -0.00110013],tree
153.57933858169753,161.01917097817517,177.5935132137154,175.23093742587207,176.1943587321744,30.160982378273353,174.73922293077155,113.76139380565633,164.970681331032,135.67801995021884,0.046915672458844974,0.24630120362014252,[-0.03616672 -0.99934363 -0.00206879],tree
166.53476791664386,167.40116074455275,160.38037256493598,167.34258826667238,176.33837017880035,26.10268581972587,176.30026021850955,120.20660149463129,168.9694559451386,159.90216804229706,0.2521817531975222,0.20259088531754024,[-0.01373493 -0.99990263 -0.0024675 ],tree
161.16808914952475,170.23753409530502,175.36020040825932,166.70640892636087,179.90900762762118,21.7219220740246,178.27202521902086,124.8163811483057,177.26773557356103,147.35534315297303,0.01831666382298953,0.28914862743065717,[-0.01723881 -0.99985072 -0.00117032],tree
82.65264148434439,85.18151074025215,166.58975026411045,144.723435031789,177.8217578392943,57.42909170971898,176.63493698334676,124.59872494135452,177.8744226310083,135.0785620143398,0.05384384284408284,0.22128402552704665,[ 0.07493317 -0.99718757 -0.00140369],tree
165.52553562600858,161.2157948858916,139.15082380485845,136.91867156192197,176.0598838901473,171.22947168498465,162.88514694619934,142.22863998323623,149.05503467465712,140.38295031051683,0.09529099060192783,0.23016420354739833,[-5.51591548e-01 -8.34114049e-01 -7.19543622e-04],tree
138.3810978615409,142.52506663830198,169.7210197753807,172.25646179317374,179.96707983542467,28.107963275572324,176.73621322505727,119.58160280829847,173.81238910528253,143.14370951317764,0.0671461701040345,0.2507914322910359,[ 0.01055603 -0.9999437  -0.00107605],tree
170.97665847262166,163.94857397291614,178.70997518359212,173.8033060522973,177.95804660338683,32.19497978373303,179.15777150119837,122.99585402858008,163.02558299923624,158.5306059647867,0.08872708910220377,0.27399249391284203,[-2.23824474e-02 -9.99749318e-01 -5.71766463e-04],tree
148.63551209020088,141.46733519738325,174.39053123915502,172.31617645672344,176.00531059493537,26.803081077617673,175.46091167427872,126.68567275799502,175.42575190387993,156.5373077967494,0.01985827109531124,0.2539415837242817,[ 0.0444663  -0.99900951 -0.00165628],tree
154.98797059636232,167.8782918926135,176.4697175630895,171.45567489180053,132.2459888515622,56.04804729568292,158.0333139712426,108.31179635088911,153.070861173609,0.4181293366524316,0.0059741172883388,0.13927896611202487,[ 4.53853117e-03 -9.99989701e-01 -1.56451761e-05],tree
158.8383367359807,179.13680220530605,174.01964723863856,170.42019564446574,153.29191417372417,100.23627334154273,112.9550050208504,92.74345013130791,148.65035996668536,139.7414592643335,0.0641179468722378,0.166,[ 0.11842648 -0.99296048 -0.00215964],tree
158.31673654709144,154.4305514255135,174.9911277454885,174.15018175855906,179.56241692037875,28.04547130331402,174.35076168663903,109.32617296682653,173.77484033989253,151.35079972299178,0.01128897059926097,0.22104035462284138,[ 1.19145221e-01 -9.92876838e-01 -4.25921667e-06],tree
168.6286714882851,168.621914899476,174.15218589468742,168.3008125088514,178.080108485749,32.64888331243246,179.1069494973339,125.59324630443034,166.3250495866574,139.2369723946509,0.05356719559996066,0.2863564212655271,[-0.02499082 -0.99963282 -0.01047338],tree
160.98052059540072,165.67363866772084,139.87221216950508,138.32812596680733,172.36441406183297,24.861646601700592,178.76736692944777,151.2378916512276,173.9709449465509,169.26561303737498,0.24955695937831757,0.2889406467598826,[ 4.52123303e-02 -9.98977202e-01 -6.28406111e-04],tree
126.58081799751714,124.97824647546733,169.01854901093395,166.6515055311029,178.1261409872593,61.08344756474021,177.10335078208567,121.54006544703276,176.3142794862527,153.2397463463827,0.038132571918741906,0.10779827230756156,[ 2.27029859e-02 -9.99742199e-01 -3.30660391e-04],tree
170.66723089205996,162.61063175463363,142.99159724876327,126.66098299642147,178.55855138093463,26.096554782616504,179.915362122861,107.0655639844892,174.32396538094628,156.8376946752894,0.27175791804591415,0.21873896560634876,[ 0.06049482 -0.99816447 -0.0028403 ],tree
173.95590880117877,172.79388192487352,175.93662720408034,175.64889079607102,178.02301548891757,177.81589798296417,177.16613944452553,176.71076305934642,122.28147580759459,120.50546530794425,0.05427450981007066,0.047758599111181015,[ 0.00680256 -0.99997619 -0.00115847],tree
155.45303330370677,160.86159222550398,176.00906726913107,167.97043222962364,175.31785760995916,16.529771180429897,179.41060949423854,111.63087081997396,174.72584241026456,172.10754377468334,0.018577604993218592,0.304753559194393,[ 2.20210880e-02 -9.99757397e-01  4.68666038e-04],tree
158.8383367359807,179.13680220530605,174.01964723863856,170.42019564446574,153.29191417372417,100.23627334154273,112.9550050208504,92.74345013130791,148.65035996668536,139.7414592643335,0.0641179468722378,0.166,[ 0.11842648 -0.99296048 -0.00215964],tree
173.95590880117877,172.79388192487352,175.93662720408034,175.64889079607102,178.02301548891757,177.81589798296417,177.16613944452553,176.71076305934642,122.28147580759459,120.50546530794425,0.05427450981007066,0.047758599111181015,[ 0.00680256 -0.99997619 -0.00115847],tree
170.66723089205996,162.61063175463363,142.99159724876327,126.66098299642147,178.55855138093463,26.096554782616504,179.915362122861,107.0655639844892,174.32396538094628,156.8376946752894,0.27175791804591415,0.21873896560634876,[ 0.06049482 -0.99816447 -0.0028403 ],tree
168.6286714882851,168.621914899476,174.15218589468742,168.3008125088514,178.080108485749,32.64888331243246,179.1069494973339,125.59324630443034,166.3250495866574,139.2369723946509,0.05356719559996066,0.2863564212655271,[-0.02499082 -0.99963282 -0.01047338],tree
139.3984098548915,132.27691552648477,174.07698738565747,163.55669450174958,179.3091411587554,23.923701784203253,177.34324122327902,124.5239302499393,175.52094353121396,168.22023408025115,0.039623728676323106,0.26489544053184083,[ 3.84792869e-02 -9.99258982e-01 -9.11747871e-04],tree
160.98052059540072,165.67363866772084,139.87221216950508,138.32812596680733,172.36441406183297,24.861646601700592,178.76736692944777,151.2378916512276,173.9709449465509,169.26561303737498,0.24955695937831757,0.2889406467598826,[ 4.52123303e-02 -9.98977202e-01 -6.28406111e-04],tree
126.58081799751714,124.97824647546733,169.01854901093395,166.6515055311029,178.1261409872593,61.08344756474021,177.10335078208567,121.54006544703276,176.3142794862527,153.2397463463827,0.038132571918741906,0.10779827230756156,[ 2.27029859e-02 -9.99742199e-01 -3.30660391e-04],tree
158.31673654709144,154.4305514255135,174.9911277454885,174.15018175855906,179.56241692037875,28.04547130331402,174.35076168663903,109.32617296682653,173.77484033989253,151.35079972299178,0.01128897059926097,0.22104035462284138,[ 1.19145221e-01 -9.92876838e-01 -4.25921667e-06],tree
154.5840388453096,178.88116827719645,179.93079987195367,165.51406856328188,178.94756565262543,24.331733395024088,172.81340927596963,122.41346290433705,160.31072046276827,151.78849993373038,0.025252062860744544,0.27343965290708894,[ 1.12795939e-01 -9.93618161e-01 -1.62841113e-04],tree
171.82634103787416,164.8547444091111,161.41381321271322,178.16154715729942,177.57178758829224,30.441730966482655,176.61250914319297,115.82745232905593,162.6530574510129,161.91401230596696,0.055485110830181615,0.22773223756012742,[ 0.06303227 -0.99801088 -0.00110013],tree
123.56150568666033,125.980069237253,173.59822312923941,167.84397632663365,178.11568451189387,31.939884508957064,177.78806523346913,136.3680919225056,168.8072912407117,148.99224961800482,0.041666666666666664,0.2511243920728903,[ 0.0764798  -0.99707    -0.00150058],tree
157.7622714765806,163.03792914388796,149.89574508318603,173.73293742004114,67.14136137792798,54.10363807530053,173.6406067150367,171.4720203478045,170.83155541285998,146.88778465404718,0.1478889878287472,0.05977011852754359,[ 2.41378300e-02 -9.99708458e-01 -6.03662613e-04],tree
153.73587514327087,148.32966763741746,172.17702331624608,173.11631230732948,177.53343929641122,18.63142055408675,178.87981789393942,121.1321955892737,167.23107790490505,163.9577041247342,0.07226883895712212,0.26985962485551507,[-0.0163911  -0.99985728 -0.00409177],tree
145.99656797927577,154.49724039314447,148.0602577870953,168.97335075676588,172.44943689259176,42.2552313012256,163.1763089159691,125.70583809600684,146.54986143394805,136.7508528988326,0.01231107225224513,0.25345426115968145,[-6.31217324e-02 -9.98005769e-01 -3.62657977e-04],tree
175.7335729104883,169.05591501952898,167.1629251892382,179.94138185792855,179.75054263750988,23.970936622398288,179.9632286554842,124.91008150006449,171.11898955410024,166.2743415071083,0.05940852376469719,0.2425322496393705,[ 0.01383264 -0.99990261 -0.00184979],tree
175.90167783752648,174.55386381537028,176.18304148227702,178.9877693481586,175.17234229333226,22.813198176488537,178.55103606692919,103.28863380019354,165.11357861152345,164.82682934165635,0.021806853582554516,0.18978882573612554,[ 0.13724296 -0.99053613 -0.00159615],tree
148.7550376260807,179.86340189539422,179.21497913432,166.00885117056458,141.24973267000115,66.76719282640923,161.68167293487645,113.83873859018598,174.4528407852701,142.1914244173171,0.021982393133581874,0.14049334874050123,[-6.24987674e-03 -9.99980279e-01  6.17587470e-04],tree
169.14299714349144,166.06695517811374,170.03082549305188,178.40882940489644,176.84792724702422,36.91159432003908,179.55188940380089,123.4078289108417,163.27095059171592,146.75164387613322,0.0197098143085963,0.25143786210888247,[-2.46230645e-02 -9.99696417e-01  8.81839367e-04],tree
135.96017203319437,144.0305937826588,167.011012420718,169.68428393681512,179.08658737108826,29.897270296836968,179.43430515603524,118.68188377565465,176.4908861931483,150.45566902545767,0.07503587752924004,0.21221948434979437,[ 0.04944431 -0.99877502 -0.00192844],tree
141.85276375932318,148.30521839759953,163.5292089691293,168.46111116234476,175.46190881913668,77.6879760870932,179.23336014015686,120.36175720741527,175.86607358846186,137.70095057654424,0.09062140768560621,0.17815531869993617,[-0.00468598 -0.99998824 -0.00124763],tree
178.36594302813376,173.9867502856888,176.79236295042884,167.00443193609487,178.88353127453746,42.94675961511687,178.02459813623844,143.17331597809783,177.26718659469816,162.97524503387868,0.2392149236678959,0.18565320352700457,[ 0.0508432  -0.9987057  -0.00137377],tree
129.956811532607,133.12124635880022,174.9814929516843,163.38679017380917,179.6874586255797,59.41754206478788,171.04329868132297,109.98337089912432,157.83339495938833,135.00055590511803,0.05515029904429737,0.25125516652668717,[ 0.13808517 -0.99040396 -0.00569965],tree
144.62109511655314,138.47200286862437,178.01880600545792,175.43571756007339,176.4389732773377,27.790199166122438,178.9237324988329,117.23137565805689,163.91661670971968,141.75365302583836,0.054573495102530165,0.2692866232240983,[ 0.0522052  -0.99863489 -0.00172681],tree
170.1361317288092,172.48713849065024,166.6733437170277,162.662187531088,162.72941854286967,28.974698061188388,168.41275000529077,117.82017442929669,162.1281125777879,135.4319672288439,0.24186798028360898,0.24342606614025084,[ 5.65132975e-02 -9.98401588e-01 -7.17949854e-04],tree
168.3818675327592,164.2599509723681,176.2694481645179,176.5902500921272,176.7879060825808,94.33626576600096,176.24421176250397,136.97416459086787,176.50915794553896,122.48084452608124,0.09724220330702518,0.10775985401004326,[-2.34539539e-02 -9.99724787e-01 -5.12957810e-04],tree
156.88875682146474,164.44361669590342,174.7643706593625,179.96562774136717,175.71314493693907,36.08568568364033,176.71965760084333,121.19652805493274,167.86118480074367,143.5647859913804,0.04402146080894025,0.24062075851697248,[ 5.37489192e-02 -9.98554140e-01 -8.26410618e-04],tree
170.0254151167184,172.41777141984082,177.91451936520116,165.20301034623066,178.44628966092014,29.0182409763236,178.58988359362098,122.5797421702984,165.1156481956626,155.89201080738277,0.08755906016139041,0.2806516614145462,[-0.03139787 -0.99949894 -0.00400442],tree
111.93742564725515,110.04135286816611,170.61902996657255,161.22010717879397,176.8439272220947,50.497051756781424,178.81794780397078,120.3167692423848,176.0815516723549,126.66672738454007,0.03239289446185998,0.22846194812658566,[ 1.25704314e-02 -9.99920680e-01 -7.86016331e-04],tree
152.1523946710838,151.30925842143523,169.61816026544466,173.53832210282383,179.52539514006463,30.462003648970587,179.55211140929998,118.80029126229859,174.841362721845,148.3163401858929,0.017287154757745296,0.25075038823990564,[ 6.18843195e-02 -9.98082999e-01 -8.10737234e-04],tree
148.16614714371815,151.888510032174,178.59061433233433,174.63861535861386,173.51401858866376,24.957540301403338,176.1442821316362,122.31130833444745,164.02490012251766,162.4739350846704,0.022916666666666665,0.24210628118429495,[-0.048591   -0.99881509 -0.00270617],tree
163.00541457423725,165.2821884009102,177.0149180235703,173.88656733887382,172.02411768917008,21.78824657964287,178.87917141322063,128.03642192855756,170.44169157281559,145.9028046916819,0.03137789904502047,0.21022719703901327,[-0.04927585 -0.99878363 -0.00177702],tree
134.87569104558614,138.30634509703947,176.59249222340995,166.1347964404998,176.97613935917371,68.76120557796081,173.37661844480584,139.51406170831638,172.71506650031765,124.82244595635505,0.04213280920032642,0.17555028121472177,[ 0.04857473 -0.99881781 -0.00186375],tree
167.75017642996028,173.49603108321045,168.34551299351034,179.9383050145285,179.8879661569954,17.601935181471955,179.01715240541617,131.33694021547853,172.31804661958574,145.06475466587128,0.03059827319677144,0.22732152458386565,[ 0.01767895 -0.99984263 -0.00147487],tree
145.87695823175,152.95744427942859,178.96626723325363,176.17930464615247,177.79886202898314,42.49854959018247,178.53368268637445,119.40653553576969,174.24692890738788,131.36409167184053,0.04978697364620405,0.23535037175425597,[-0.02424392 -0.99970505 -0.00142756],tree
148.57954197002968,139.8864798791512,178.8994867551766,176.77502189228395,174.96183670790316,16.872874554021852,179.59358604719847,119.76887439000619,177.79852220445977,146.18701127792713,0.050132057014408135,0.24273918935678016,[-0.03867991 -0.99923098 -0.00642752],tree
167.79386189233577,170.55243469262112,173.394606522754,170.18192826058788,179.27797327097062,30.46456074153587,175.6857713081968,117.47416036797995,164.39607232496633,140.94839597415083,0.03851207926975668,0.26436603132654635,[-0.00357138 -0.99998571 -0.00397885],tree
139.3984098548915,132.27691552648477,174.07698738565747,163.55669450174958,179.3091411587554,23.923701784203253,177.34324122327902,124.5239302499393,175.52094353121396,168.22023408025115,0.039623728676323106,0.26489544053184083,[ 3.84792869e-02 -9.99258982e-01 -9.11747871e-04],tree
130.84668929098268,129.60083259881964,166.90269740086606,171.86142401105133,174.24744749145074,31.65160518600267,179.42682489913162,117.48135645857091,173.42752703483433,148.92504115433798,0.07673909622147558,0.26139464511314525,[-0.00541507 -0.99998286 -0.00222569],tree
167.00685303280468,171.35182802708346,158.0024104208894,168.36597038537982,176.966383380461,47.29428850874067,173.51034723030202,116.09451031714296,176.37618285467403,161.829884528529,0.010770836918512586,0.2531365756939259,[ 7.96334203e-03 -9.99968235e-01  3.38434221e-04],tree
173.90687013399227,175.76142536679066,179.4428085676648,178.11123881829843,175.20030751720859,174.1541322626073,174.58901239531903,172.49773925178457,149.1815815754206,146.83502469320905,0.02275866689710247,0.013427168377163337,[ 1.24987608e-01 -9.92158265e-01 -2.72733225e-04],tree
154.8409708304468,151.5528929263012,168.0397647334808,174.4800980504685,178.3755094818194,27.219619840233683,179.71745241469512,117.6083840809993,174.58067861257507,155.49560005829497,0.01920251514134273,0.2623141856890255,[ 6.22347823e-02 -9.98061509e-01 -2.38361005e-04],tree
153.1070808631373,151.69866306052037,168.3844559772263,173.05810258405361,173.59786209250439,31.35600286958572,172.40063734550074,122.20233189260772,171.02718064418346,154.10303758875907,0.03952066938956004,0.26788402328940353,[ 0.05678024 -0.99838586 -0.00129208],tree
142.89404763124944,150.9317755737761,177.87962079062572,176.84832240522232,176.27284107753982,46.95843188297577,176.30320978142666,114.38919992848469,164.4241927332009,132.47965509336237,0.03335416016031584,0.19275956526201235,[ 0.02115923 -0.99977356 -0.00226182],tree
170.66723089205996,162.61063175463363,142.99159724876327,126.66098299642147,178.55855138093463,26.096554782616504,179.915362122861,107.0655639844892,174.32396538094628,156.8376946752894,0.27175791804591415,0.21873896560634876,[ 0.06049482 -0.99816447 -0.0028403 ],tree
152.22039573194644,164.56838837625634,175.97199586669063,171.00447835435153,176.03122391386268,31.75789352638667,178.73283044204211,120.43745675418049,178.04700411839076,150.35041037034196,0.05653710247349823,0.26782386382393925,[-0.01832675 -0.99982624 -0.00340748],tree
156.68486191134963,161.22167297281771,177.90666214237012,173.90406545135,178.10973021733733,31.471187893355523,177.45571042937746,113.33838360565508,164.9520302659489,136.79240591238985,0.02666410949340691,0.2863195012822115,[-0.03555051 -0.99936445 -0.00261822],tree
174.7559179012118,174.4122490060959,178.3921031077605,170.31296180274336,178.27991327045095,39.57697076395264,176.41348184130436,128.66695675246942,171.6488600387799,139.75359885034962,0.17779166612417432,0.22090722034374521,[ 0.05591199 -0.99842831 -0.00384115],tree
119.70071845260705,119.27522919804785,166.6782934221192,171.47378514139984,175.9121237981727,27.29734849891924,177.90972801625867,126.8002492147965,165.51083814046177,153.30225363742358,0.019970749552122753,0.2681932762081481,[-0.05496263 -0.99848771 -0.00118347],tree
103.4075461934347,108.1735963369937,160.1063668721181,164.8705328984426,169.48910173995964,41.658036354255714,176.6927700166472,119.4689593421397,166.20032996909734,145.76277024074506,0.038395803290914826,0.22449443005729897,[-0.04209734 -0.99911031 -0.00253215],tree
